contract,operationId,method,path,recordedRequests,accounts,statuses,evidenceTimes
"advising.openapi.yaml","counsellorCreateStudentIntake","POST","/v2/counsellor/student-intakes","0","","",""
"advising.openapi.yaml","counsellorListStudentIntakes","GET","/v2/counsellor/student-intakes","4","Counsellor 2 | Counsellor 1 | Counsellor 3 | Counsellor 4","200","2026-09-05T07:08:33.864Z | 2026-09-05T07:08:33.874Z | 2026-09-05T07:08:34.965Z | 2026-09-05T07:08:34.975Z"
"advising.openapi.yaml","counsellorGetStudentIntake","GET","/v2/counsellor/student-intakes/{intakeId}","0","","",""
"advising.openapi.yaml","counsellorPatchStudentIntake","PATCH","/v2/counsellor/student-intakes/{intakeId}","0","","",""
"advising.openapi.yaml","counsellorListAdvisors","GET","/v2/counsellor/advisors","4","Counsellor 2 | Counsellor 1 | Counsellor 3 | Counsellor 4","200","2026-09-05T07:08:34.032Z | 2026-09-05T07:08:34.062Z | 2026-09-05T07:08:35.097Z | 2026-09-05T07:08:35.110Z"
"advising.openapi.yaml","counsellorAssignAdvisor","PUT","/v2/counsellor/student-intakes/{intakeId}/advisor","0","","",""
"advising.openapi.yaml","counsellorGetDashboard","GET","/v2/counsellor/dashboard","4","Counsellor 2 | Counsellor 1 | Counsellor 3 | Counsellor 4","200","2026-09-05T07:08:33.726Z | 2026-09-05T07:08:33.734Z | 2026-09-05T07:08:34.827Z | 2026-09-05T07:08:34.830Z"
"advising.openapi.yaml","advisorListInstructors","GET","/v2/advisor/instructors","8","Advisor 2 | Advisor 1 | Advisor 3 | Advisor 4 | Advisor 5 | Advisor 6 | Advisor 8 | Advisor 7","200","2026-09-05T07:08:36.283Z | 2026-09-05T07:08:36.289Z | 2026-09-05T07:08:41.243Z | 2026-09-05T07:08:41.246Z | 2026-09-05T07:08:42.909Z | 2026-09-05T07:08:42.912Z | 2026-09-05T07:08:44.536Z | 2026-09-05T07:08:44.543Z"
"advising.openapi.yaml","advisorListOwnedCourses","GET","/v2/advisor/courses","8","Advisor 2 | Advisor 1 | Advisor 3 | Advisor 4 | Advisor 5 | Advisor 6 | Advisor 8 | Advisor 7","200","2026-09-05T07:08:36.151Z | 2026-09-05T07:08:36.154Z | 2026-09-05T07:08:41.106Z | 2026-09-05T07:08:41.108Z | 2026-09-05T07:08:42.770Z | 2026-09-05T07:08:42.775Z | 2026-09-05T07:08:44.384Z | 2026-09-05T07:08:44.387Z"
"advising.openapi.yaml","advisorListStudents","GET","/v2/advisor/students","8","Advisor 2 | Advisor 1 | Advisor 3 | Advisor 4 | Advisor 5 | Advisor 6 | Advisor 8 | Advisor 7","200","2026-09-05T07:08:36.013Z | 2026-09-05T07:08:36.021Z | 2026-09-05T07:08:40.970Z | 2026-09-05T07:08:40.973Z | 2026-09-05T07:08:42.596Z | 2026-09-05T07:08:42.600Z | 2026-09-05T07:08:44.248Z | 2026-09-05T07:08:44.251Z"
"advising.openapi.yaml","advisorGetStudentIntake","GET","/v2/advisor/students/{studentUserId}/intake","3","Advisor 1","200","2026-09-05T07:08:36.980Z | 2026-09-05T07:08:38.128Z | 2026-09-05T07:08:39.239Z"
"advising.openapi.yaml","tenantCreateStudentIntake","POST","/v2/tenant/student-intakes","0","","",""
"advising.openapi.yaml","tenantListStudentIntakes","GET","/v2/tenant/student-intakes","0","","",""
"advising.openapi.yaml","tenantGetStudentIntake","GET","/v2/tenant/student-intakes/{intakeId}","0","","",""
"advising.openapi.yaml","tenantPatchStudentIntake","PATCH","/v2/tenant/student-intakes/{intakeId}","0","","",""
"advising.openapi.yaml","tenantAssignAdvisor","PUT","/v2/tenant/student-intakes/{intakeId}/advisor","0","","",""
"advising.openapi.yaml","tenantReassignAdvisor","PUT","/v2/tenant/students/{studentUserId}/advisor","0","","",""
"advising.openapi.yaml","tenantCancelStudentIntake","POST","/v2/tenant/student-intakes/{intakeId}/cancel","0","","",""
"advising.openapi.yaml","advisorCreateStudentProfile","POST","/v2/advisor/students/{studentUserId}/profile","0","","",""
"advising.openapi.yaml","advisorGetStudentProfile","GET","/v2/advisor/students/{studentUserId}/profile","4","Advisor 1 | Advisor 2","200 | 404","2026-09-05T07:08:37.125Z | 2026-09-05T07:08:38.271Z | 2026-09-05T07:08:39.373Z | 2026-09-05T07:22:46.534Z"
"advising.openapi.yaml","advisorUpdateStudentProfile","PUT","/v2/advisor/students/{studentUserId}/profile","0","","",""
"advising.openapi.yaml","advisorCreateStudyPlan","POST","/v2/advisor/students/{studentUserId}/study-plan","0","","",""
"advising.openapi.yaml","advisorGetStudyPlan","GET","/v2/advisor/students/{studentUserId}/study-plan","3","Advisor 1","200 | 404","2026-09-05T07:08:37.268Z | 2026-09-05T07:08:38.410Z | 2026-09-05T07:08:39.508Z"
"advising.openapi.yaml","advisorUpdateStudyPlan","PUT","/v2/advisor/students/{studentUserId}/study-plan","0","","",""
"advising.openapi.yaml","advisorListStudyPlanRevisions","GET","/v2/advisor/students/{studentUserId}/study-plan/revisions","0","","",""
"advising.openapi.yaml","advisorFeedbackAdvisorTask","POST","/v2/advisor/students/{studentUserId}/study-plan/tasks/{taskId}/feedback","0","","",""
"advising.openapi.yaml","studentGetOwnProfile","GET","/v2/student/profile","1","Student","200","2026-09-05T07:09:00.614Z"
"advising.openapi.yaml","studentGetOwnStudyPlan","GET","/v2/student/study-plan","1","Student","200","2026-09-05T07:09:00.749Z"
"advising.openapi.yaml","studentStartAdvisorTask","POST","/v2/student/study-plan/tasks/{taskId}/start","0","","",""
"advising.openapi.yaml","studentCompleteAdvisorTask","POST","/v2/student/study-plan/tasks/{taskId}/complete","0","","",""
"advising.openapi.yaml","advisorListStudentCourses","GET","/v2/advisor/students/{studentUserId}/courses","3","Advisor 1","200 | 404","2026-09-05T07:08:37.413Z | 2026-09-05T07:08:38.546Z | 2026-09-05T07:08:39.647Z"
"advising.openapi.yaml","advisorSearchGroupCourseOptions","GET","/v2/advisor/students/{studentUserId}/course-options","0","","",""
"advising.openapi.yaml","advisorLinkGroupCourse","POST","/v2/advisor/students/{studentUserId}/courses/group-links","0","","",""
"advising.openapi.yaml","advisorWithdrawGroupCourse","POST","/v2/advisor/students/{studentUserId}/courses/{courseId}/withdraw","0","","",""
"advising.openapi.yaml","advisorCompleteStudentCourse","POST","/v2/advisor/students/{studentUserId}/courses/{courseId}/complete","0","","",""
"advising.openapi.yaml","advisorCreateOneOnOneCourse","POST","/v2/advisor/students/{studentUserId}/courses/one-on-one","0","","",""
"advising.openapi.yaml","advisorReassignOneOnOneInstructor","PUT","/v2/advisor/students/{studentUserId}/courses/{courseId}/instructor","0","","",""
"advising.openapi.yaml","advisorReplaceOneOnOneSessions","PUT","/v2/advisor/students/{studentUserId}/courses/{courseId}/sessions","0","","",""
"advising.openapi.yaml","advisorReadyOneOnOneLaunch","POST","/v2/advisor/students/{studentUserId}/courses/{courseId}/launch/ready","0","","",""
"advising.openapi.yaml","advisorPublishOneOnOneLaunch","POST","/v2/advisor/students/{studentUserId}/courses/{courseId}/launch/publish","0","","",""
"advising.openapi.yaml","advisorReconfirmCourseLink","POST","/v2/advisor/students/{studentUserId}/courses/{courseId}/reconfirm","0","","",""
"advising.openapi.yaml","advisorGetCourseDeliveryConfig","GET","/v2/advisor/courses/{courseId}/delivery-config","1","Advisor 1","200","2026-09-05T07:22:46.018Z"
"advising.openapi.yaml","advisorPutCourseDeliveryConfig","PUT","/v2/advisor/courses/{courseId}/delivery-config","0","","",""
"advising.openapi.yaml","advisorReadyCourseLaunch","POST","/v2/advisor/courses/{courseId}/launch/ready","0","","",""
"advising.openapi.yaml","advisorPublishCourseLaunch","POST","/v2/advisor/courses/{courseId}/launch/publish","0","","",""
"advising.openapi.yaml","instructorGetStudentProfileContext","GET","/v2/instructor/courses/{courseId}/students/{studentUserId}/profile-context","0","","",""
"advising.openapi.yaml","advisorGetDashboard","GET","/v2/advisor/dashboard","8","Advisor 2 | Advisor 1 | Advisor 3 | Advisor 4 | Advisor 6 | Advisor 5 | Advisor 7 | Advisor 8","200","2026-09-05T07:08:35.876Z | 2026-09-05T07:08:35.881Z | 2026-09-05T07:08:40.834Z | 2026-09-05T07:08:40.839Z | 2026-09-05T07:08:42.457Z | 2026-09-05T07:08:42.459Z | 2026-09-05T07:08:44.107Z | 2026-09-05T07:08:44.109Z"
"advising.openapi.yaml","advisorGetStudentHub","GET","/v2/advisor/students/{studentUserId}/hub","3","Advisor 1","200","2026-09-05T07:08:36.842Z | 2026-09-05T07:08:37.991Z | 2026-09-05T07:08:39.101Z"
"advising.openapi.yaml","advisorListStudentPublishedReports","GET","/v2/advisor/students/{studentUserId}/student-reports","3","Advisor 1","200","2026-09-05T07:08:37.561Z | 2026-09-05T07:08:38.687Z | 2026-09-05T07:08:39.791Z"
"advising.openapi.yaml","advisorListConversations","GET","/v2/advisor/conversations","8","Advisor 2 | Advisor 1 | Advisor 3 | Advisor 4 | Advisor 5 | Advisor 6 | Advisor 8 | Advisor 7","200","2026-09-05T07:08:36.557Z | 2026-09-05T07:08:36.561Z | 2026-09-05T07:08:41.518Z | 2026-09-05T07:08:41.520Z | 2026-09-05T07:08:43.176Z | 2026-09-05T07:08:43.185Z | 2026-09-05T07:08:44.826Z | 2026-09-05T07:08:44.830Z"
"advising.openapi.yaml","advisorListConversationMessages","GET","/v2/advisor/students/{studentUserId}/conversation/messages","3","Advisor 1","200","2026-09-05T07:08:37.836Z | 2026-09-05T07:08:38.960Z | 2026-09-05T07:08:40.063Z"
"advising.openapi.yaml","advisorSendConversationMessage","POST","/v2/advisor/students/{studentUserId}/conversation/messages","0","","",""
"advising.openapi.yaml","advisorPreviewConversationAttachment","GET","/v2/advisor/students/{studentUserId}/conversation/attachments/{attachmentId}/preview","0","","",""
"advising.openapi.yaml","advisorDownloadConversationAttachment","GET","/v2/advisor/students/{studentUserId}/conversation/attachments/{attachmentId}/download","0","","",""
"advising.openapi.yaml","advisorMarkConversationRead","POST","/v2/advisor/students/{studentUserId}/conversation/read","0","","",""
"advising.openapi.yaml","studentListAdvisorConversationMessages","GET","/v2/student/advisor-conversation/messages","1","Student","200","2026-09-05T07:09:00.891Z"
"advising.openapi.yaml","studentSendAdvisorConversationMessage","POST","/v2/student/advisor-conversation/messages","0","","",""
"advising.openapi.yaml","studentPreviewAdvisorConversationAttachment","GET","/v2/student/advisor-conversation/attachments/{attachmentId}/preview","0","","",""
"advising.openapi.yaml","studentDownloadAdvisorConversationAttachment","GET","/v2/student/advisor-conversation/attachments/{attachmentId}/download","0","","",""
"advising.openapi.yaml","studentMarkAdvisorConversationRead","POST","/v2/student/advisor-conversation/read","0","","",""
"advising.openapi.yaml","advisorListActionTasks","GET","/v2/advisor/action-tasks","8","Advisor 2 | Advisor 1 | Advisor 3 | Advisor 4 | Advisor 5 | Advisor 6 | Advisor 8 | Advisor 7","200","2026-09-05T07:08:36.695Z | 2026-09-05T07:08:36.702Z | 2026-09-05T07:08:41.658Z | 2026-09-05T07:08:41.665Z | 2026-09-05T07:08:43.323Z | 2026-09-05T07:08:43.325Z | 2026-09-05T07:08:45.020Z | 2026-09-05T07:08:45.023Z"
"advising.openapi.yaml","advisorGetActionTask","GET","/v2/advisor/action-tasks/{taskId}","0","","",""
"advising.openapi.yaml","advisorStartActionTask","POST","/v2/advisor/action-tasks/{taskId}/start","0","","",""
"advising.openapi.yaml","advisorResolveActionTask","POST","/v2/advisor/action-tasks/{taskId}/resolve","0","","",""
"assignment.openapi.yaml","assignmentAttachmentManifest","GET","/v2/courses/{courseId}/assignment-attachments","0","","",""
"assignment.openapi.yaml","assignmentList","GET","/v2/courses/{courseId}/assignments","2","Instructor 1 | Student","200","2026-09-05T07:08:48.187Z | 2026-09-05T07:09:01.637Z"
"assignment.openapi.yaml","assignmentCreate","POST","/v2/courses/{courseId}/assignments","0","","",""
"assignment.openapi.yaml","assignmentListSummaries","GET","/v2/courses/{courseId}/assignments/summaries","0","","",""
"assignment.openapi.yaml","assignmentDelete","DELETE","/v2/courses/{courseId}/assignments/{assignmentId}","0","","",""
"assignment.openapi.yaml","assignmentGet","GET","/v2/courses/{courseId}/assignments/{assignmentId}","0","","",""
"assignment.openapi.yaml","assignmentPatch","PATCH","/v2/courses/{courseId}/assignments/{assignmentId}","0","","",""
"assignment.openapi.yaml","assignmentUploadAttachments","POST","/v2/courses/{courseId}/assignments/{assignmentId}/attachments","0","","",""
"assignment.openapi.yaml","assignmentDeleteAttachment","DELETE","/v2/courses/{courseId}/assignments/{assignmentId}/attachments/{attachmentId}","0","","",""
"assignment.openapi.yaml","assignmentDownloadAttachment","GET","/v2/courses/{courseId}/assignments/{assignmentId}/attachments/{attachmentId}/download","0","","",""
"assignment.openapi.yaml","assignmentPreviewAttachment","GET","/v2/courses/{courseId}/assignments/{assignmentId}/attachments/{attachmentId}/preview","0","","",""
"assignment.openapi.yaml","assignmentPreviewDueDateChange","POST","/v2/courses/{courseId}/assignments/{assignmentId}/due-date-change-preview","0","","",""
"assignment.openapi.yaml","assignmentReleaseGrades","POST","/v2/courses/{courseId}/assignments/{assignmentId}/grades/release","0","","",""
"assignment.openapi.yaml","assignmentReleaseAllGrades","POST","/v2/courses/{courseId}/assignments/{assignmentId}/grades/release-all","0","","",""
"assignment.openapi.yaml","assignmentRetractGrades","POST","/v2/courses/{courseId}/assignments/{assignmentId}/grades/retract","0","","",""
"assignment.openapi.yaml","assignmentGetGradingRoster","GET","/v2/courses/{courseId}/assignments/{assignmentId}/grading-roster","1","Instructor 1","200","2026-09-05T07:30:44.715Z"
"assignment.openapi.yaml","assignmentUpsertGroupGrade","PUT","/v2/courses/{courseId}/assignments/{assignmentId}/groups/{groupId}/grade","0","","",""
"assignment.openapi.yaml","assignmentDownloadGroupAnnotatedFile","GET","/v2/courses/{courseId}/assignments/{assignmentId}/groups/{groupId}/grade/annotated-file","0","","",""
"assignment.openapi.yaml","assignmentUploadGroupAnnotatedFile","POST","/v2/courses/{courseId}/assignments/{assignmentId}/groups/{groupId}/grade/annotated-file","0","","",""
"assignment.openapi.yaml","assignmentGetGroupGradingView","GET","/v2/courses/{courseId}/assignments/{assignmentId}/groups/{groupId}/grading","0","","",""
"assignment.openapi.yaml","assignmentPublish","POST","/v2/courses/{courseId}/assignments/{assignmentId}/publish","0","","",""
"assignment.openapi.yaml","assignmentGetRubric","GET","/v2/courses/{courseId}/assignments/{assignmentId}/rubric","0","","",""
"assignment.openapi.yaml","assignmentUploadRubric","POST","/v2/courses/{courseId}/assignments/{assignmentId}/rubric","0","","",""
"assignment.openapi.yaml","assignmentDownloadRubric","GET","/v2/courses/{courseId}/assignments/{assignmentId}/rubric/download","0","","",""
"assignment.openapi.yaml","assignmentPreviewRubric","GET","/v2/courses/{courseId}/assignments/{assignmentId}/rubric/preview","0","","",""
"assignment.openapi.yaml","assignmentRestorePreviousRubric","POST","/v2/courses/{courseId}/assignments/{assignmentId}/rubric/restore-previous","0","","",""
"assignment.openapi.yaml","assignmentUpsertGrade","PUT","/v2/courses/{courseId}/assignments/{assignmentId}/students/{studentUserId}/grade","0","","",""
"assignment.openapi.yaml","assignmentDownloadAnnotatedFile","GET","/v2/courses/{courseId}/assignments/{assignmentId}/students/{studentUserId}/grade/annotated-file","0","","",""
"assignment.openapi.yaml","assignmentUploadAnnotatedFile","POST","/v2/courses/{courseId}/assignments/{assignmentId}/students/{studentUserId}/grade/annotated-file","0","","",""
"assignment.openapi.yaml","assignmentGetStudentGradingView","GET","/v2/courses/{courseId}/assignments/{assignmentId}/students/{studentUserId}/grading","1","Instructor 1","200","2026-09-05T07:30:44.867Z"
"assignment.openapi.yaml","assignmentGetMySubmission","GET","/v2/courses/{courseId}/assignments/{assignmentId}/submission","1","Student","200","2026-09-05T07:30:45.007Z"
"assignment.openapi.yaml","assignmentListStagingFiles","GET","/v2/courses/{courseId}/assignments/{assignmentId}/submission-staging-files","0","","",""
"assignment.openapi.yaml","assignmentUploadStagingFiles","POST","/v2/courses/{courseId}/assignments/{assignmentId}/submission-staging-files","0","","",""
"assignment.openapi.yaml","assignmentDeleteStagingFile","DELETE","/v2/courses/{courseId}/assignments/{assignmentId}/submission-staging-files/{stagingFileId}","0","","",""
"assignment.openapi.yaml","assignmentSubmit","POST","/v2/courses/{courseId}/assignments/{assignmentId}/submissions","0","","",""
"assignment.openapi.yaml","assignmentDownloadSubmissionFile","GET","/v2/courses/{courseId}/assignments/{assignmentId}/submissions/{submissionId}/files/{fileId}/download","1","Student","200","2026-09-05T07:37:47.876Z"
"assignment.openapi.yaml","assignmentPreviewSubmissionFile","GET","/v2/courses/{courseId}/assignments/{assignmentId}/submissions/{submissionId}/files/{fileId}/preview","2","Instructor 1 | Instructor 2","200 | 404","2026-09-05T07:37:47.703Z | 2026-09-05T07:37:48.021Z"
"assignment.openapi.yaml","assignmentListSubmissionVersions","GET","/v2/courses/{courseId}/assignments/{assignmentId}/submissions/{submissionId}/versions","0","","",""
"assignment.openapi.yaml","assignmentUnpublish","POST","/v2/courses/{courseId}/assignments/{assignmentId}/unpublish","0","","",""
"assignment.openapi.yaml","assignmentListMyGrades","GET","/v2/courses/{courseId}/my-grades","1","Student","200","2026-09-05T07:30:45.147Z"
"assignment.openapi.yaml","meAssignmentUpcoming","GET","/v2/me/assignments/upcoming","1","Student","200","2026-09-05T07:08:59.142Z"
"assignment.openapi.yaml","systemGradeCorrectionCreate","POST","/v2/system/grade-corrections/assignments","0","","",""
"auth.openapi.yaml","authHello","GET","/v1","0","","",""
"auth.openapi.yaml","authSendRegisterEmailVerification","POST","/v1/auth/email-verifications/register","0","","",""
"auth.openapi.yaml","authSendResetEmailVerification","POST","/v1/auth/email-verifications/reset","0","","",""
"auth.openapi.yaml","authLogin","POST","/v1/auth/login","27","Counsellor 1 | Counsellor 2 | Counsellor 4 | Counsellor 3 | Advisor 2 | Advisor 1 | Advisor 3 | Advisor 4 | Advisor 5 | Advisor 6 | Advisor 8 | Advisor 7 | Instructor 1 | Instructor 2 | Instructor 3 | Instructor 4 | Instructor 5 | Instructor 6 | Instructor 8 | Instructor 7 | Instructor 10 | Instructor 9 | Student | Counsellor | Advisor | Instructor","200","2026-09-05T07:08:33.305Z | 2026-09-05T07:08:33.316Z | 2026-09-05T07:08:34.415Z | 2026-09-05T07:08:34.420Z | 2026-09-05T07:08:35.455Z | 2026-09-05T07:08:35.458Z | 2026-09-05T07:08:40.425Z | 2026-09-05T07:08:40.433Z | 2026-09-05T07:08:42.021Z | 2026-09-05T07:08:42.026Z | 2026-09-05T07:08:43.682Z | 2026-09-05T07:08:43.687Z | 2026-09-05T07:08:45.389Z | 2026-09-05T07:08:45.400Z | 2026-09-05T07:08:49.265Z | 2026-09-05T07:08:49.273Z | 2026-09-05T07:08:51.551Z | 2026-09-05T07:08:51.554Z | 2026-09-05T07:08:53.800Z | 2026-09-05T07:08:53.809Z | 2026-09-05T07:08:56.144Z | 2026-09-05T07:08:56.155Z | 2026-09-05T07:08:58.557Z | 2026-09-05T07:26:15.070Z | 2026-09-05T07:26:15.889Z | 2026-09-05T07:26:16.675Z | 2026-09-05T07:26:17.444Z"
"auth.openapi.yaml","authLogout","POST","/v1/auth/logout","29","Counsellor 2 | Counsellor 1 | Counsellor 3 | Counsellor 4 | Advisor 2 | Advisor 1 | Advisor 3 | Advisor 4 | Advisor 6 | Advisor 5 | Advisor 8 | Advisor 7 | Instructor 2 | Instructor 1 | Instructor 4 | Instructor 3 | Instructor 5 | Instructor 6 | Instructor 7 | Instructor 8 | Instructor 10 | Instructor 9 | Student | Counsellor | Advisor | Instructor","200","2026-09-05T07:08:34.205Z | 2026-09-05T07:08:34.209Z | 2026-09-05T07:08:35.233Z | 2026-09-05T07:08:35.247Z | 2026-09-05T07:08:36.835Z | 2026-09-05T07:08:40.202Z | 2026-09-05T07:08:41.797Z | 2026-09-05T07:08:41.799Z | 2026-09-05T07:08:43.465Z | 2026-09-05T07:08:43.469Z | 2026-09-05T07:08:45.160Z | 2026-09-05T07:08:45.174Z | 2026-09-05T07:08:47.565Z | 2026-09-05T07:08:49.049Z | 2026-09-05T07:08:51.318Z | 2026-09-05T07:08:51.321Z | 2026-09-05T07:08:53.570Z | 2026-09-05T07:08:53.576Z | 2026-09-05T07:08:55.913Z | 2026-09-05T07:08:55.916Z | 2026-09-05T07:08:58.201Z | 2026-09-05T07:08:58.300Z | 2026-09-05T07:09:02.499Z | 2026-09-05T07:26:15.530Z | 2026-09-05T07:26:16.331Z | 2026-09-05T07:26:17.098Z | 2026-09-05T07:26:17.865Z | 2026-09-05T07:43:39.389Z | 2026-09-05T07:45:46.182Z"
"auth.openapi.yaml","authUpdatePassword","PUT","/v1/auth/password","0","","",""
"auth.openapi.yaml","authResetPassword","POST","/v1/auth/password-resets","0","","",""
"auth.openapi.yaml","authRefreshToken","POST","/v1/auth/refresh-token","8","Counsellor | Advisor | Instructor | Student","200 | 401","2026-09-05T07:26:15.231Z | 2026-09-05T07:26:15.672Z | 2026-09-05T07:26:16.046Z | 2026-09-05T07:26:16.465Z | 2026-09-05T07:26:16.822Z | 2026-09-05T07:26:17.231Z | 2026-09-05T07:26:17.589Z | 2026-09-05T07:26:17.999Z"
"auth.openapi.yaml","authRegister","POST","/v1/auth/register","0","","",""
"auth.openapi.yaml","adminList","GET","/v2/admins","0","","",""
"auth.openapi.yaml","adminAddDisabled","POST","/v2/admins","0","","",""
"auth.openapi.yaml","adminDeleteBatchDisabled","DELETE","/v2/admins/batch","0","","",""
"auth.openapi.yaml","adminDeleteDisabled","DELETE","/v2/admins/{id}","0","","",""
"auth.openapi.yaml","adminGetById","GET","/v2/admins/{id}","0","","",""
"auth.openapi.yaml","adminUpdateDisabled","PUT","/v2/admins/{id}","0","","",""
"auth.openapi.yaml","systemManagedUserCreate","POST","/v2/system/managed-users","0","","",""
"auth.openapi.yaml","systemManagedUserDisable","POST","/v2/system/managed-users/{id}/disable","0","","",""
"auth.openapi.yaml","systemManagedUserChangeRole","PUT","/v2/system/managed-users/{id}/role","0","","",""
"auth.openapi.yaml","tenantListUsers","GET","/v2/tenant/users","1","Advisor 1","403","2026-09-05T07:19:29.727Z"
"auth.openapi.yaml","tenantGetUser","GET","/v2/tenant/users/{userId}","0","","",""
"auth.openapi.yaml","tenantListAuditEvents","GET","/v2/tenant/audit-events","0","","",""
"auth.openapi.yaml","tenantManagedUserCreate","POST","/v2/tenant/managed-users","0","","",""
"auth.openapi.yaml","tenantPatchManagedUser","PATCH","/v2/tenant/managed-users/{id}","0","","",""
"auth.openapi.yaml","tenantGetManagedUserDisableBlockers","GET","/v2/tenant/managed-users/{id}/disable-blockers","0","","",""
"auth.openapi.yaml","tenantManagedUserDisable","POST","/v2/tenant/managed-users/{id}/disable","0","","",""
"auth.openapi.yaml","tenantManagedUserEnable","POST","/v2/tenant/managed-users/{id}/enable","0","","",""
"auth.openapi.yaml","tenantManagedUserChangeRole","PUT","/v2/tenant/managed-users/{id}/role","0","","",""
"counsellor.openapi.yaml","counsellorCreateStudentIntake","POST","/v2/counsellor/student-intakes","0","","",""
"counsellor.openapi.yaml","counsellorListStudentIntakes","GET","/v2/counsellor/student-intakes","4","Counsellor 2 | Counsellor 1 | Counsellor 3 | Counsellor 4","200","2026-09-05T07:08:33.864Z | 2026-09-05T07:08:33.874Z | 2026-09-05T07:08:34.965Z | 2026-09-05T07:08:34.975Z"
"counsellor.openapi.yaml","counsellorGetStudentIntake","GET","/v2/counsellor/student-intakes/{intakeId}","0","","",""
"counsellor.openapi.yaml","counsellorPatchStudentIntake","PATCH","/v2/counsellor/student-intakes/{intakeId}","0","","",""
"counsellor.openapi.yaml","counsellorListAdvisors","GET","/v2/counsellor/advisors","4","Counsellor 2 | Counsellor 1 | Counsellor 3 | Counsellor 4","200","2026-09-05T07:08:34.032Z | 2026-09-05T07:08:34.062Z | 2026-09-05T07:08:35.097Z | 2026-09-05T07:08:35.110Z"
"counsellor.openapi.yaml","counsellorAssignAdvisor","PUT","/v2/counsellor/student-intakes/{intakeId}/advisor","0","","",""
"counsellor.openapi.yaml","counsellorGetDashboard","GET","/v2/counsellor/dashboard","4","Counsellor 2 | Counsellor 1 | Counsellor 3 | Counsellor 4","200","2026-09-05T07:08:33.726Z | 2026-09-05T07:08:33.734Z | 2026-09-05T07:08:34.827Z | 2026-09-05T07:08:34.830Z"
"course.openapi.yaml","adminEnrollmentEnroll","POST","/v2/admin/courses/{courseId}/enrollments","0","","",""
"course.openapi.yaml","adminEnrollmentEnrollBatch","POST","/v2/admin/courses/{courseId}/enrollments/batch","0","","",""
"course.openapi.yaml","adminEnrollmentDeactivate","DELETE","/v2/admin/courses/{courseId}/enrollments/{userId}","0","","",""
"course.openapi.yaml","advisorListOwnedCourses","GET","/v2/advisor/courses","8","Advisor 2 | Advisor 1 | Advisor 3 | Advisor 4 | Advisor 5 | Advisor 6 | Advisor 8 | Advisor 7","200","2026-09-05T07:08:36.151Z | 2026-09-05T07:08:36.154Z | 2026-09-05T07:08:41.106Z | 2026-09-05T07:08:41.108Z | 2026-09-05T07:08:42.770Z | 2026-09-05T07:08:42.775Z | 2026-09-05T07:08:44.384Z | 2026-09-05T07:08:44.387Z"
"course.openapi.yaml","advisorGetInstructorAvailability","GET","/v2/advisor/instructors/{instructorUserId}/availability","0","","",""
"course.openapi.yaml","advisorScheduleRequests","GET","/v2/advisor/schedule-requests","8","Advisor 2 | Advisor 1 | Advisor 3 | Advisor 4 | Advisor 5 | Advisor 6 | Advisor 8 | Advisor 7","200","2026-09-05T07:08:36.424Z | 2026-09-05T07:08:36.427Z | 2026-09-05T07:08:41.384Z | 2026-09-05T07:08:41.388Z | 2026-09-05T07:08:43.045Z | 2026-09-05T07:08:43.052Z | 2026-09-05T07:08:44.693Z | 2026-09-05T07:08:44.695Z"
"course.openapi.yaml","decideAdvisorScheduleRequest","POST","/v2/advisor/schedule-requests/{requestId}/decision","0","","",""
"course.openapi.yaml","advisorStudentAttendanceHistory","GET","/v2/advisor/students/{studentUserId}/attendance","3","Advisor 1","200","2026-09-05T07:08:37.699Z | 2026-09-05T07:08:38.826Z | 2026-09-05T07:08:39.926Z"
"course.openapi.yaml","advisorGetStudentCourseHours","GET","/v2/advisor/students/{studentUserId}/courses/{courseId}/hours","0","","",""
"course.openapi.yaml","advisorSetStudentCourseHours","PUT","/v2/advisor/students/{studentUserId}/courses/{courseId}/hours","0","","",""
"course.openapi.yaml","advisorGetStudentAttendance","GET","/v2/advisor/students/{studentUserId}/courses/{courseId}/session-occurrences/{occurrenceId}/attendance","0","","",""
"course.openapi.yaml","advisorListPublishedCourseReports","GET","/v2/advisor/students/{studentUserId}/courses/{courseId}/student-reports","0","","",""
"course.openapi.yaml","advisorGetPublishedCourseReport","GET","/v2/advisor/students/{studentUserId}/courses/{courseId}/student-reports/{reportId}","0","","",""
"course.openapi.yaml","advisorListStudentPublishedReports","GET","/v2/advisor/students/{studentUserId}/student-reports","3","Advisor 1","200","2026-09-05T07:08:37.561Z | 2026-09-05T07:08:38.687Z | 2026-09-05T07:08:39.791Z"
"course.openapi.yaml","courseList","GET","/v2/courses","0","","",""
"course.openapi.yaml","courseCreate","POST","/v2/courses","0","","",""
"course.openapi.yaml","courseAnnouncementList","GET","/v2/courses/{courseId}/announcements","2","Instructor 1 | Student","200","2026-09-05T07:08:48.481Z | 2026-09-05T07:09:01.932Z"
"course.openapi.yaml","courseAnnouncementCreate","POST","/v2/courses/{courseId}/announcements","0","","",""
"course.openapi.yaml","courseAnnouncementDelete","DELETE","/v2/courses/{courseId}/announcements/{announcementId}","0","","",""
"course.openapi.yaml","courseAnnouncementGet","GET","/v2/courses/{courseId}/announcements/{announcementId}","0","","",""
"course.openapi.yaml","courseAnnouncementUpdate","PATCH","/v2/courses/{courseId}/announcements/{announcementId}","0","","",""
"course.openapi.yaml","courseMaterialAssignmentList","GET","/v2/courses/{courseId}/assignments/{assignmentId}/materials","0","","",""
"course.openapi.yaml","listCourseDiscussionPosts","GET","/v2/courses/{courseId}/discussion/posts","0","","",""
"course.openapi.yaml","createCourseDiscussionPost","POST","/v2/courses/{courseId}/discussion/posts","0","","",""
"course.openapi.yaml","getCourseDiscussionPost","GET","/v2/courses/{courseId}/discussion/posts/{postId}","0","","",""
"course.openapi.yaml","listCourseDiscussionAttachments","GET","/v2/courses/{courseId}/discussion/posts/{postId}/attachments","0","","",""
"course.openapi.yaml","downloadCourseDiscussionAttachment","GET","/v2/courses/{courseId}/discussion/posts/{postId}/attachments/{attachmentId}/download","0","","",""
"course.openapi.yaml","previewCourseDiscussionAttachment","GET","/v2/courses/{courseId}/discussion/posts/{postId}/attachments/{attachmentId}/preview","0","","",""
"course.openapi.yaml","listCourseDiscussionReplies","GET","/v2/courses/{courseId}/discussion/posts/{postId}/replies","0","","",""
"course.openapi.yaml","createCourseDiscussionReply","POST","/v2/courses/{courseId}/discussion/posts/{postId}/replies","0","","",""
"course.openapi.yaml","courseEventList","GET","/v2/courses/{courseId}/events","2","Instructor 1 | Student","200","2026-09-05T07:08:48.618Z | 2026-09-05T07:09:02.075Z"
"course.openapi.yaml","courseEventCreate","POST","/v2/courses/{courseId}/events","0","","",""
"course.openapi.yaml","courseEventDelete","DELETE","/v2/courses/{courseId}/events/{eventId}","0","","",""
"course.openapi.yaml","courseEventGet","GET","/v2/courses/{courseId}/events/{eventId}","0","","",""
"course.openapi.yaml","courseEventUpdate","PUT","/v2/courses/{courseId}/events/{eventId}","0","","",""
"course.openapi.yaml","courseGroupSetList","GET","/v2/courses/{courseId}/group-sets","5","Instructor 1 | Student | Instructor 2","200 | 403","2026-09-05T07:09:33.606Z | 2026-09-05T07:09:33.966Z | 2026-09-05T07:12:28.861Z | 2026-09-05T07:12:29.218Z | 2026-09-05T07:36:24.946Z"
"course.openapi.yaml","courseGroupSetCreate","POST","/v2/courses/{courseId}/group-sets","1","Instructor 1","200","2026-09-05T07:11:56.556Z"
"course.openapi.yaml","courseGroupSetDelete","DELETE","/v2/courses/{courseId}/group-sets/{groupSetId}","1","Instructor 1","200","2026-09-05T07:36:24.803Z"
"course.openapi.yaml","courseGroupSetGet","GET","/v2/courses/{courseId}/group-sets/{groupSetId}","3","Student | Instructor 1","200","2026-09-05T07:13:06.142Z | 2026-09-05T07:15:04.255Z | 2026-09-05T07:19:12.552Z"
"course.openapi.yaml","courseGroupSetPatch","PATCH","/v2/courses/{courseId}/group-sets/{groupSetId}","2","Instructor 1","200","2026-09-05T07:14:23.012Z | 2026-09-05T07:14:23.317Z"
"course.openapi.yaml","courseGroupDistributeRandom","POST","/v2/courses/{courseId}/group-sets/{groupSetId}/distribute-random","0","","",""
"course.openapi.yaml","courseGroupCreate","POST","/v2/courses/{courseId}/group-sets/{groupSetId}/groups","0","","",""
"course.openapi.yaml","courseGroupBatchCreate","POST","/v2/courses/{courseId}/group-sets/{groupSetId}/groups/batch","1","Instructor 1","200","2026-09-05T07:12:28.707Z"
"course.openapi.yaml","courseGroupDelete","DELETE","/v2/courses/{courseId}/group-sets/{groupSetId}/groups/{groupId}","2","Instructor 1","200","2026-09-05T07:36:24.495Z | 2026-09-05T07:36:24.659Z"
"course.openapi.yaml","courseGroupPatch","PATCH","/v2/courses/{courseId}/group-sets/{groupSetId}/groups/{groupId}","0","","",""
"course.openapi.yaml","courseGroupJoin","POST","/v2/courses/{courseId}/group-sets/{groupSetId}/groups/{groupId}/join","1","Student","200","2026-09-05T07:13:05.989Z"
"course.openapi.yaml","courseGroupLeave","POST","/v2/courses/{courseId}/group-sets/{groupSetId}/groups/{groupId}/leave","3","Student","409 | 200","2026-09-05T07:14:23.169Z | 2026-09-05T07:14:23.474Z | 2026-09-05T07:36:24.348Z"
"course.openapi.yaml","courseGroupMemberAssign","POST","/v2/courses/{courseId}/group-sets/{groupSetId}/groups/{groupId}/members","1","Instructor 1","200","2026-09-05T07:15:03.952Z"
"course.openapi.yaml","courseGroupMemberRemove","DELETE","/v2/courses/{courseId}/group-sets/{groupSetId}/groups/{groupId}/members/{userId}","0","","",""
"course.openapi.yaml","courseGroupMemberMove","POST","/v2/courses/{courseId}/group-sets/{groupSetId}/members/{userId}/move","1","Instructor 1","200","2026-09-05T07:15:04.109Z"
"course.openapi.yaml","courseGroupSwitch","POST","/v2/courses/{courseId}/group-sets/{groupSetId}/switch","1","Student","200","2026-09-05T07:13:06.301Z"
"course.openapi.yaml","courseGroupUngroupedStudents","GET","/v2/courses/{courseId}/group-sets/{groupSetId}/ungrouped-students","2","Instructor 1","200","2026-09-05T07:13:06.448Z | 2026-09-05T07:14:23.620Z"
"course.openapi.yaml","courseMaterialAssignmentLinkDetach","DELETE","/v2/courses/{courseId}/materials/{materialId}/assignment-links/{assignmentId}","0","","",""
"course.openapi.yaml","courseMaterialAssignmentLinkAttach","POST","/v2/courses/{courseId}/materials/{materialId}/assignment-links/{assignmentId}","0","","",""
"course.openapi.yaml","courseMaterialLectureLinkDetach","DELETE","/v2/courses/{courseId}/materials/{materialId}/lecture-links/{lectureId}","0","","",""
"course.openapi.yaml","courseMaterialLectureLinkAttach","POST","/v2/courses/{courseId}/materials/{materialId}/lecture-links/{lectureId}","0","","",""
"course.openapi.yaml","courseMaterialLinksGet","GET","/v2/courses/{courseId}/materials/{materialId}/links","0","","",""
"course.openapi.yaml","courseMemberList","GET","/v2/courses/{courseId}/members","3","Instructor 1 | Instructor 2","200 | 404","2026-09-05T07:08:47.750Z | 2026-09-05T07:10:46.504Z | 2026-09-05T07:22:46.685Z"
"course.openapi.yaml","reviewCourseScheduleRequest","POST","/v2/courses/{courseId}/schedule-requests/{requestId}/instructor-review","0","","",""
"course.openapi.yaml","listSessionOccurrences","GET","/v2/courses/{courseId}/session-occurrences","3","Instructor 1 | Student | Advisor 1","200 | 404","2026-09-05T07:08:48.902Z | 2026-09-05T07:09:02.362Z | 2026-09-05T07:22:46.163Z"
"course.openapi.yaml","createSessionOccurrence","POST","/v2/courses/{courseId}/session-occurrences","0","","",""
"course.openapi.yaml","generateSessionOccurrences","POST","/v2/courses/{courseId}/session-occurrences/generate","0","","",""
"course.openapi.yaml","getSessionOccurrence","GET","/v2/courses/{courseId}/session-occurrences/{occurrenceId}","0","","",""
"course.openapi.yaml","getOccurrenceAttendance","GET","/v2/courses/{courseId}/session-occurrences/{occurrenceId}/attendance","0","","",""
"course.openapi.yaml","saveOccurrenceAttendance","PUT","/v2/courses/{courseId}/session-occurrences/{occurrenceId}/attendance","0","","",""
"course.openapi.yaml","getOwnOccurrenceAttendance","GET","/v2/courses/{courseId}/session-occurrences/{occurrenceId}/attendance/me","0","","",""
"course.openapi.yaml","syncOccurrenceAttendanceRoster","POST","/v2/courses/{courseId}/session-occurrences/{occurrenceId}/attendance/roster-sync","0","","",""
"course.openapi.yaml","cancelSessionOccurrence","POST","/v2/courses/{courseId}/session-occurrences/{occurrenceId}/cancel","0","","",""
"course.openapi.yaml","rescheduleSessionOccurrence","POST","/v2/courses/{courseId}/session-occurrences/{occurrenceId}/reschedule","0","","",""
"course.openapi.yaml","listCourseScheduleRequests","GET","/v2/courses/{courseId}/session-occurrences/{occurrenceId}/schedule-requests","0","","",""
"course.openapi.yaml","createCourseScheduleRequest","POST","/v2/courses/{courseId}/session-occurrences/{occurrenceId}/schedule-requests","0","","",""
"course.openapi.yaml","courseSessionList","GET","/v2/courses/{courseId}/sessions","2","Instructor 1 | Student","200","2026-09-05T07:08:48.049Z | 2026-09-05T07:09:01.470Z"
"course.openapi.yaml","courseSessionCreate","POST","/v2/courses/{courseId}/sessions","0","","",""
"course.openapi.yaml","courseSessionDelete","DELETE","/v2/courses/{courseId}/sessions/{sessionId}","0","","",""
"course.openapi.yaml","courseSessionGet","GET","/v2/courses/{courseId}/sessions/{sessionId}","0","","",""
"course.openapi.yaml","courseSessionUpdate","PUT","/v2/courses/{courseId}/sessions/{sessionId}","0","","",""
"course.openapi.yaml","listCourseStudentReports","GET","/v2/courses/{courseId}/student-reports","0","","",""
"course.openapi.yaml","createCourseStudentReport","POST","/v2/courses/{courseId}/student-reports","0","","",""
"course.openapi.yaml","listMyPublishedCourseReports","GET","/v2/courses/{courseId}/student-reports/published/me","0","","",""
"course.openapi.yaml","getMyPublishedCourseReport","GET","/v2/courses/{courseId}/student-reports/published/me/{reportId}","0","","",""
"course.openapi.yaml","getCourseStudentReport","GET","/v2/courses/{courseId}/student-reports/{reportId}","0","","",""
"course.openapi.yaml","updateCourseStudentReport","PATCH","/v2/courses/{courseId}/student-reports/{reportId}","0","","",""
"course.openapi.yaml","publishCourseStudentReport","POST","/v2/courses/{courseId}/student-reports/{reportId}/publish","0","","",""
"course.openapi.yaml","courseStudentAdd","POST","/v2/courses/{courseId}/students","0","","",""
"course.openapi.yaml","courseStudentBatch","POST","/v2/courses/{courseId}/students/batch","0","","",""
"course.openapi.yaml","courseStudentWithdraw","DELETE","/v2/courses/{courseId}/students/{userId}","0","","",""
"course.openapi.yaml","courseSyllabusClear","DELETE","/v2/courses/{courseId}/syllabus","0","","",""
"course.openapi.yaml","courseSyllabusGet","GET","/v2/courses/{courseId}/syllabus","0","","",""
"course.openapi.yaml","courseSyllabusUpload","POST","/v2/courses/{courseId}/syllabus","0","","",""
"course.openapi.yaml","courseSyllabusDownload","GET","/v2/courses/{courseId}/syllabus/download","0","","",""
"course.openapi.yaml","courseSyllabusPreview","GET","/v2/courses/{courseId}/syllabus/preview","0","","",""
"course.openapi.yaml","courseSyllabusRestore","POST","/v2/courses/{courseId}/syllabus/restore","0","","",""
"course.openapi.yaml","courseTaAdd","POST","/v2/courses/{courseId}/tas","0","","",""
"course.openapi.yaml","courseTaRemove","DELETE","/v2/courses/{courseId}/tas/{userId}","0","","",""
"course.openapi.yaml","courseTaPatchPermissions","PATCH","/v2/courses/{courseId}/tas/{userId}/permissions","0","","",""
"course.openapi.yaml","courseWeekList","GET","/v2/courses/{courseId}/weeks","3","Instructor 1 | Student","200","2026-09-05T07:08:47.901Z | 2026-09-05T07:09:01.329Z | 2026-09-05T07:40:20.913Z"
"course.openapi.yaml","courseWeekCreate","POST","/v2/courses/{courseId}/weeks","0","","",""
"course.openapi.yaml","courseWeekReorder","PUT","/v2/courses/{courseId}/weeks/reorder","0","","",""
"course.openapi.yaml","courseWeekDelete","DELETE","/v2/courses/{courseId}/weeks/{weekId}","0","","",""
"course.openapi.yaml","courseWeekGet","GET","/v2/courses/{courseId}/weeks/{weekId}","0","","",""
"course.openapi.yaml","courseWeekRename","PATCH","/v2/courses/{courseId}/weeks/{weekId}","0","","",""
"course.openapi.yaml","courseWeekDownloadZip","GET","/v2/courses/{courseId}/weeks/{weekId}/download.zip","0","","",""
"course.openapi.yaml","courseMaterialCreate","POST","/v2/courses/{courseId}/weeks/{weekId}/materials","1","Instructor 1","200","2026-09-05T07:40:07.342Z"
"course.openapi.yaml","courseMaterialReorder","PUT","/v2/courses/{courseId}/weeks/{weekId}/materials/reorder","0","","",""
"course.openapi.yaml","courseMaterialDelete","DELETE","/v2/courses/{courseId}/weeks/{weekId}/materials/{materialId}","2","Instructor 1 | Advisor 1","403 | 200","2026-09-05T07:40:20.628Z | 2026-09-05T07:40:20.772Z"
"course.openapi.yaml","courseMaterialRename","PATCH","/v2/courses/{courseId}/weeks/{weekId}/materials/{materialId}","0","","",""
"course.openapi.yaml","courseMaterialDownload","GET","/v2/courses/{courseId}/weeks/{weekId}/materials/{materialId}/download","0","","",""
"course.openapi.yaml","courseMaterialMove","POST","/v2/courses/{courseId}/weeks/{weekId}/materials/{materialId}/move","0","","",""
"course.openapi.yaml","courseMaterialPreview","GET","/v2/courses/{courseId}/weeks/{weekId}/materials/{materialId}/preview","0","","",""
"course.openapi.yaml","courseMaterialPublish","POST","/v2/courses/{courseId}/weeks/{weekId}/materials/{materialId}/publish","0","","",""
"course.openapi.yaml","courseMaterialUnpublish","POST","/v2/courses/{courseId}/weeks/{weekId}/materials/{materialId}/unpublish","0","","",""
"course.openapi.yaml","courseWeekPublish","POST","/v2/courses/{courseId}/weeks/{weekId}/publish","0","","",""
"course.openapi.yaml","courseWeekUnpublish","POST","/v2/courses/{courseId}/weeks/{weekId}/unpublish","0","","",""
"course.openapi.yaml","courseDelete","DELETE","/v2/courses/{id}","0","","",""
"course.openapi.yaml","courseGetById","GET","/v2/courses/{id}","3","Instructor 1 | Student","200","2026-09-05T07:08:47.571Z | 2026-09-05T07:09:01.181Z | 2026-09-05T07:09:34.117Z"
"course.openapi.yaml","coursePatch","PATCH","/v2/courses/{id}","0","","",""
"course.openapi.yaml","courseArchive","POST","/v2/courses/{id}/archive","0","","",""
"course.openapi.yaml","courseReassignPrimaryInstructor","POST","/v2/courses/{id}/primary-instructor","0","","",""
"course.openapi.yaml","courseUnarchive","POST","/v2/courses/{id}/unarchive","0","","",""
"course.openapi.yaml","meStudentAlerts","GET","/v2/me/alerts","1","Student","200","2026-09-05T07:08:59.434Z"
"course.openapi.yaml","meAnnouncementsRecent","GET","/v2/me/announcements/recent","0","","",""
"course.openapi.yaml","meAttendanceHistory","GET","/v2/me/attendance","1","Student","200","2026-09-05T07:08:59.907Z"
"course.openapi.yaml","meCalendar","GET","/v2/me/calendar","11","Instructor 2 | Instructor 1 | Instructor 4 | Instructor 3 | Instructor 5 | Instructor 6 | Instructor 8 | Instructor 7 | Instructor 9 | Instructor 10 | Student","200","2026-09-05T07:08:47.242Z | 2026-09-05T07:08:47.278Z | 2026-09-05T07:08:51.025Z | 2026-09-05T07:08:51.042Z | 2026-09-05T07:08:53.275Z | 2026-09-05T07:08:53.279Z | 2026-09-05T07:08:55.620Z | 2026-09-05T07:08:55.637Z | 2026-09-05T07:08:57.919Z | 2026-09-05T07:08:57.922Z | 2026-09-05T07:09:00.334Z"
"course.openapi.yaml","meCoursesList","GET","/v2/me/courses","11","Instructor 1 | Instructor 2 | Instructor 4 | Instructor 3 | Instructor 6 | Instructor 5 | Instructor 8 | Instructor 7 | Instructor 10 | Instructor 9 | Student","200","2026-09-05T07:08:45.899Z | 2026-09-05T07:08:45.914Z | 2026-09-05T07:08:49.687Z | 2026-09-05T07:08:49.692Z | 2026-09-05T07:08:51.969Z | 2026-09-05T07:08:51.972Z | 2026-09-05T07:08:54.282Z | 2026-09-05T07:08:54.296Z | 2026-09-05T07:08:56.577Z | 2026-09-05T07:08:56.582Z | 2026-09-05T07:08:58.991Z"
"course.openapi.yaml","meCourseHours","GET","/v2/me/courses/{courseId}/hours","1","Student","200","2026-09-05T07:29:25.091Z"
"course.openapi.yaml","meEventsUpcoming","GET","/v2/me/events/upcoming","1","Student","200","2026-09-05T07:08:59.288Z"
"course.openapi.yaml","listMyPersonalEvents","GET","/v2/me/personal-events","11","Instructor 2 | Instructor 1 | Instructor 4 | Instructor 3 | Instructor 6 | Instructor 5 | Instructor 8 | Instructor 7 | Instructor 9 | Instructor 10 | Student","200","2026-09-05T07:08:47.393Z | 2026-09-05T07:08:47.425Z | 2026-09-05T07:08:51.179Z | 2026-09-05T07:08:51.181Z | 2026-09-05T07:08:53.434Z | 2026-09-05T07:08:53.436Z | 2026-09-05T07:08:55.773Z | 2026-09-05T07:08:55.776Z | 2026-09-05T07:08:58.056Z | 2026-09-05T07:08:58.063Z | 2026-09-05T07:09:00.470Z"
"course.openapi.yaml","createMyPersonalEvent","POST","/v2/me/personal-events","1","Instructor 1","200","2026-09-05T07:23:16.173Z"
"course.openapi.yaml","deleteMyPersonalEvent","DELETE","/v2/me/personal-events/{eventId}","1","Instructor 1","200","2026-09-05T07:24:10.303Z"
"course.openapi.yaml","getMyPersonalEvent","GET","/v2/me/personal-events/{eventId}","3","Instructor 2 | Instructor 1","404 | 200","2026-09-05T07:24:10.012Z | 2026-09-05T07:24:10.156Z | 2026-09-05T07:24:10.451Z"
"course.openapi.yaml","patchMyPersonalEvent","PATCH","/v2/me/personal-events/{eventId}","1","Instructor 1","200","2026-09-05T07:24:09.866Z"
"course.openapi.yaml","meProgress","GET","/v2/me/progress","1","Student","200","2026-09-05T07:08:59.612Z"
"course.openapi.yaml","meScheduleRequests","GET","/v2/me/schedule-requests","1","Student","200","2026-09-05T07:09:00.191Z"
"course.openapi.yaml","meListPublishedStudentReports","GET","/v2/me/student-reports","2","Student","200","2026-09-05T07:09:00.052Z | 2026-09-05T07:29:25.232Z"
"course.openapi.yaml","meTeachingActivitiesUpcoming","GET","/v2/me/teaching/activities/upcoming","0","","",""
"course.openapi.yaml","meTeachingActivityRecent","GET","/v2/me/teaching/activity/recent","0","","",""
"course.openapi.yaml","meTeachingAlerts","GET","/v2/me/teaching/alerts","11","Instructor 2 | Instructor 1 | Instructor 4 | Instructor 3 | Instructor 5 | Instructor 6 | Instructor 8 | Instructor 7 | Instructor 9 | Instructor 10","200","2026-09-05T07:08:46.551Z | 2026-09-05T07:08:46.572Z | 2026-09-05T07:08:50.259Z | 2026-09-05T07:08:50.263Z | 2026-09-05T07:08:52.550Z | 2026-09-05T07:08:52.559Z | 2026-09-05T07:08:54.899Z | 2026-09-05T07:08:54.932Z | 2026-09-05T07:08:57.179Z | 2026-09-05T07:08:57.187Z | 2026-09-05T07:10:46.671Z"
"course.openapi.yaml","meTeachingAvailability","GET","/v2/me/teaching/availability","0","","",""
"course.openapi.yaml","replaceMeTeachingAvailability","PUT","/v2/me/teaching/availability","0","","",""
"course.openapi.yaml","meTeachingCourses","GET","/v2/me/teaching/courses","10","Instructor 1 | Instructor 2 | Instructor 4 | Instructor 3 | Instructor 6 | Instructor 5 | Instructor 8 | Instructor 7 | Instructor 10 | Instructor 9","200","2026-09-05T07:08:46.065Z | 2026-09-05T07:08:46.076Z | 2026-09-05T07:08:49.821Z | 2026-09-05T07:08:49.828Z | 2026-09-05T07:08:52.112Z | 2026-09-05T07:08:52.114Z | 2026-09-05T07:08:54.441Z | 2026-09-05T07:08:54.510Z | 2026-09-05T07:08:56.717Z | 2026-09-05T07:08:56.723Z"
"course.openapi.yaml","meTeachingDeadlinesUpcoming","GET","/v2/me/teaching/deadlines/upcoming","0","","",""
"course.openapi.yaml","meTeachingGradingItems","GET","/v2/me/teaching/grading-items","10","Instructor 2 | Instructor 1 | Instructor 3 | Instructor 4 | Instructor 5 | Instructor 6 | Instructor 8 | Instructor 7 | Instructor 9 | Instructor 10","200","2026-09-05T07:08:46.402Z | 2026-09-05T07:08:46.423Z | 2026-09-05T07:08:50.109Z | 2026-09-05T07:08:50.112Z | 2026-09-05T07:08:52.393Z | 2026-09-05T07:08:52.398Z | 2026-09-05T07:08:54.758Z | 2026-09-05T07:08:54.791Z | 2026-09-05T07:08:56.998Z | 2026-09-05T07:08:57.001Z"
"course.openapi.yaml","meTeachingGradingQueue","GET","/v2/me/teaching/grading-queue","10","Instructor 1 | Instructor 2 | Instructor 4 | Instructor 3 | Instructor 6 | Instructor 5 | Instructor 8 | Instructor 7 | Instructor 9 | Instructor 10","200","2026-09-05T07:08:46.207Z | 2026-09-05T07:08:46.215Z | 2026-09-05T07:08:49.965Z | 2026-09-05T07:08:49.967Z | 2026-09-05T07:08:52.251Z | 2026-09-05T07:08:52.253Z | 2026-09-05T07:08:54.621Z | 2026-09-05T07:08:54.654Z | 2026-09-05T07:08:56.860Z | 2026-09-05T07:08:56.864Z"
"course.openapi.yaml","meTeachingScheduleRequests","GET","/v2/me/teaching/schedule-requests","10","Instructor 2 | Instructor 1 | Instructor 4 | Instructor 3 | Instructor 5 | Instructor 6 | Instructor 8 | Instructor 7 | Instructor 9 | Instructor 10","200","2026-09-05T07:08:46.960Z | 2026-09-05T07:08:46.981Z | 2026-09-05T07:08:50.692Z | 2026-09-05T07:08:50.700Z | 2026-09-05T07:08:52.960Z | 2026-09-05T07:08:52.985Z | 2026-09-05T07:08:55.334Z | 2026-09-05T07:08:55.366Z | 2026-09-05T07:08:57.600Z | 2026-09-05T07:08:57.616Z"
"course.openapi.yaml","meTeachingStudentsNeedingSupport","GET","/v2/me/teaching/students-needing-support","10","Instructor 2 | Instructor 1 | Instructor 4 | Instructor 3 | Instructor 5 | Instructor 6 | Instructor 8 | Instructor 7 | Instructor 9 | Instructor 10","200","2026-09-05T07:08:46.826Z | 2026-09-05T07:08:46.850Z | 2026-09-05T07:08:50.556Z | 2026-09-05T07:08:50.561Z | 2026-09-05T07:08:52.823Z | 2026-09-05T07:08:52.849Z | 2026-09-05T07:08:55.197Z | 2026-09-05T07:08:55.232Z | 2026-09-05T07:08:57.466Z | 2026-09-05T07:08:57.468Z"
"course.openapi.yaml","meTeachingTodayClasses","GET","/v2/me/teaching/today-classes","10","Instructor 2 | Instructor 1 | Instructor 4 | Instructor 3 | Instructor 5 | Instructor 6 | Instructor 8 | Instructor 7 | Instructor 9 | Instructor 10","200","2026-09-05T07:08:46.687Z | 2026-09-05T07:08:46.718Z | 2026-09-05T07:08:50.409Z | 2026-09-05T07:08:50.422Z | 2026-09-05T07:08:52.690Z | 2026-09-05T07:08:52.715Z | 2026-09-05T07:08:55.046Z | 2026-09-05T07:08:55.094Z | 2026-09-05T07:08:57.324Z | 2026-09-05T07:08:57.326Z"
"course.openapi.yaml","meWorkQueue","GET","/v2/me/work-queue","1","Student","200","2026-09-05T07:08:59.760Z"
"course.openapi.yaml","tenantGetAlertRules","GET","/v2/tenant/alert-rules","0","","",""
"course.openapi.yaml","tenantPutAlertRules","PUT","/v2/tenant/alert-rules","0","","",""
"course.openapi.yaml","tenantListCourseOwnerships","GET","/v2/tenant/course-ownerships","0","","",""
"course.openapi.yaml","tenantGetCourseOwner","GET","/v2/tenant/courses/{courseId}/owner","0","","",""
"course.openapi.yaml","tenantTransferCourseOwner","PUT","/v2/tenant/courses/{courseId}/owner","0","","",""
"mockexam.openapi.yaml","listAdvisorMockExamTemplates","GET","/v2/advisor/mock-exam-templates","0","","",""
"mockexam.openapi.yaml","getAdvisorMockExamTemplate","GET","/v2/advisor/mock-exam-templates/{templateId}","0","","",""
"mockexam.openapi.yaml","listAdvisorStudentMockExams","GET","/v2/advisor/students/{studentUserId}/mock-exams","0","","",""
"mockexam.openapi.yaml","createAdvisorStudentMockExam","POST","/v2/advisor/students/{studentUserId}/mock-exams","0","","",""
"mockexam.openapi.yaml","getAdvisorStudentMockExam","GET","/v2/advisor/students/{studentUserId}/mock-exams/{studentMockExamId}","0","","",""
"mockexam.openapi.yaml","listInstructorWritingGrades","GET","/v2/instructor/mock-exams/writing-grades","10","Instructor 2 | Instructor 1 | Instructor 4 | Instructor 3 | Instructor 5 | Instructor 6 | Instructor 8 | Instructor 7 | Instructor 9 | Instructor 10","200","2026-09-05T07:08:47.101Z | 2026-09-05T07:08:47.120Z | 2026-09-05T07:08:50.881Z | 2026-09-05T07:08:50.887Z | 2026-09-05T07:08:53.106Z | 2026-09-05T07:08:53.123Z | 2026-09-05T07:08:55.482Z | 2026-09-05T07:08:55.505Z | 2026-09-05T07:08:57.768Z | 2026-09-05T07:08:57.783Z"
"mockexam.openapi.yaml","getInstructorWritingGrade","GET","/v2/instructor/mock-exams/writing-grades/{gradeId}","1","Instructor 2","404","2026-09-05T07:22:46.831Z"
"mockexam.openapi.yaml","gradeInstructorWriting","POST","/v2/instructor/mock-exams/writing-grades/{gradeId}","0","","",""
"mockexam.openapi.yaml","listParentStudentMockExams","GET","/v2/parent/students/{studentUserId}/mock-exams","0","","",""
"mockexam.openapi.yaml","getParentStudentMockExam","GET","/v2/parent/students/{studentUserId}/mock-exams/{studentMockExamId}","0","","",""
"mockexam.openapi.yaml","listStudentMockExams","GET","/v2/student/mock-exams","2","Student","200","2026-09-05T07:09:01.038Z | 2026-09-05T07:29:24.946Z"
"mockexam.openapi.yaml","getStudentMockExam","GET","/v2/student/mock-exams/{studentMockExamId}","1","Student","200","2026-09-05T07:10:47.140Z"
"mockexam.openapi.yaml","createStudentMockExamAttempt","POST","/v2/student/mock-exams/{studentMockExamId}/attempts","0","","",""
"mockexam.openapi.yaml","submitStudentMockExamListening","POST","/v2/student/mock-exams/{studentMockExamId}/attempts/{attemptId}/listening-submissions","0","","",""
"mockexam.openapi.yaml","submitStudentMockExamReading","POST","/v2/student/mock-exams/{studentMockExamId}/attempts/{attemptId}/reading-submissions","0","","",""
"mockexam.openapi.yaml","submitStudentMockExamWriting","POST","/v2/student/mock-exams/{studentMockExamId}/attempts/{attemptId}/writing-submissions","0","","",""
"mockexam.openapi.yaml","getStudentMockExamListening","GET","/v2/student/mock-exams/{studentMockExamId}/listening","0","","",""
"mockexam.openapi.yaml","getStudentMockExamListeningPartAudio","GET","/v2/student/mock-exams/{studentMockExamId}/listening/parts/{partSeq}/audio","0","","",""
"mockexam.openapi.yaml","getStudentMockExamReading","GET","/v2/student/mock-exams/{studentMockExamId}/reading","0","","",""
"mockexam.openapi.yaml","getStudentMockExamReadingQuestionImage","GET","/v2/student/mock-exams/{studentMockExamId}/reading/passages/{passageSeq}/questions/{sortOrder}/image","0","","",""
"mockexam.openapi.yaml","getStudentMockExamWriting","GET","/v2/student/mock-exams/{studentMockExamId}/writing","0","","",""
"mockexam.openapi.yaml","getStudentMockExamWritingTaskImage","GET","/v2/student/mock-exams/{studentMockExamId}/writing/tasks/{taskSeq}/image","0","","",""
"mockexam.openapi.yaml","listSystemMockExams","GET","/v2/system/mock-exams","0","","",""
"mockexam.openapi.yaml","getSystemMockExam","GET","/v2/system/mock-exams/{testId}","0","","",""
"mockexam.openapi.yaml","getSystemMockExamListening","GET","/v2/system/mock-exams/{testId}/listening","0","","",""
"mockexam.openapi.yaml","getSystemMockExamListeningPartAudio","GET","/v2/system/mock-exams/{testId}/listening/parts/{partSeq}/audio","0","","",""
"mockexam.openapi.yaml","getSystemMockExamReading","GET","/v2/system/mock-exams/{testId}/reading","0","","",""
"mockexam.openapi.yaml","getSystemMockExamReadingQuestionImage","GET","/v2/system/mock-exams/{testId}/reading/passages/{passageSeq}/questions/{sortOrder}/image","0","","",""
"mockexam.openapi.yaml","getSystemMockExamWriting","GET","/v2/system/mock-exams/{testId}/writing","0","","",""
"mockexam.openapi.yaml","getSystemMockExamWritingTaskImage","GET","/v2/system/mock-exams/{testId}/writing/tasks/{taskSeq}/image","0","","",""
"mockexam.openapi.yaml","listTenantMockExamTemplates","GET","/v2/tenant/mock-exam-templates","0","","",""
"mockexam.openapi.yaml","createTenantMockExamTemplate","POST","/v2/tenant/mock-exam-templates","0","","",""
"mockexam.openapi.yaml","getTenantMockExamTemplate","GET","/v2/tenant/mock-exam-templates/{templateId}","0","","",""
"mockexam.openapi.yaml","deleteTenantMockExamDraft","DELETE","/v2/tenant/mock-exam-templates/{templateId}/versions/{versionId}","0","","",""
"mockexam.openapi.yaml","getTenantMockExamVersion","GET","/v2/tenant/mock-exam-templates/{templateId}/versions/{versionId}","0","","",""
"mockexam.openapi.yaml","archiveTenantMockExamVersion","POST","/v2/tenant/mock-exam-templates/{templateId}/versions/{versionId}/archive","0","","",""
"mockexam.openapi.yaml","copyTenantMockExamVersion","POST","/v2/tenant/mock-exam-templates/{templateId}/versions/{versionId}/copies","0","","",""
"mockexam.openapi.yaml","uploadTenantMockExamMedia","POST","/v2/tenant/mock-exam-templates/{templateId}/versions/{versionId}/media","0","","",""
"mockexam.openapi.yaml","listTenantMockExamMedia","GET","/v2/tenant/mock-exam-templates/{templateId}/versions/{versionId}/media","0","","",""
"mockexam.openapi.yaml","previewTenantMockExamMedia","GET","/v2/tenant/mock-exam-templates/{templateId}/versions/{versionId}/media/{mediaId}/preview","0","","",""
"mockexam.openapi.yaml","deleteTenantMockExamMedia","DELETE","/v2/tenant/mock-exam-templates/{templateId}/versions/{versionId}/media/{mediaId}","0","","",""
"mockexam.openapi.yaml","getTenantMockExamListening","GET","/v2/tenant/mock-exam-templates/{templateId}/versions/{versionId}/listening","0","","",""
"mockexam.openapi.yaml","createTenantMockExamListening","POST","/v2/tenant/mock-exam-templates/{templateId}/versions/{versionId}/listening","0","","",""
"mockexam.openapi.yaml","getTenantMockExamListeningPartAudio","GET","/v2/tenant/mock-exam-templates/{templateId}/versions/{versionId}/listening/parts/{partSeq}/audio","0","","",""
"mockexam.openapi.yaml","publishTenantMockExamVersion","POST","/v2/tenant/mock-exam-templates/{templateId}/versions/{versionId}/publish","0","","",""
"mockexam.openapi.yaml","getTenantMockExamReading","GET","/v2/tenant/mock-exam-templates/{templateId}/versions/{versionId}/reading","0","","",""
"mockexam.openapi.yaml","createTenantMockExamReading","POST","/v2/tenant/mock-exam-templates/{templateId}/versions/{versionId}/reading","0","","",""
"mockexam.openapi.yaml","getTenantMockExamReadingQuestionImage","GET","/v2/tenant/mock-exam-templates/{templateId}/versions/{versionId}/reading/passages/{passageSeq}/questions/{sortOrder}/image","0","","",""
"mockexam.openapi.yaml","getTenantMockExamWriting","GET","/v2/tenant/mock-exam-templates/{templateId}/versions/{versionId}/writing","0","","",""
"mockexam.openapi.yaml","createTenantMockExamWriting","POST","/v2/tenant/mock-exam-templates/{templateId}/versions/{versionId}/writing","0","","",""
"mockexam.openapi.yaml","getTenantMockExamWritingTaskImage","GET","/v2/tenant/mock-exam-templates/{templateId}/versions/{versionId}/writing/tasks/{taskSeq}/image","0","","",""
"notification.openapi.yaml","adminNotificationDigestRun","POST","/v2/admin/notifications/digest/run","0","","",""
"notification.openapi.yaml","meNotificationList","GET","/v2/me/notifications","23","Counsellor 1 | Counsellor 2 | Counsellor 4 | Counsellor 3 | Advisor 2 | Advisor 1 | Advisor 4 | Advisor 3 | Advisor 5 | Advisor 6 | Advisor 8 | Advisor 7 | Instructor 1 | Instructor 2 | Instructor 3 | Instructor 4 | Instructor 6 | Instructor 5 | Instructor 8 | Instructor 7 | Instructor 10 | Instructor 9 | Student","200","2026-09-05T07:08:33.453Z | 2026-09-05T07:08:33.456Z | 2026-09-05T07:08:34.554Z | 2026-09-05T07:08:34.557Z | 2026-09-05T07:08:35.597Z | 2026-09-05T07:08:35.601Z | 2026-09-05T07:08:40.568Z | 2026-09-05T07:08:40.570Z | 2026-09-05T07:08:42.162Z | 2026-09-05T07:08:42.164Z | 2026-09-05T07:08:43.824Z | 2026-09-05T07:08:43.826Z | 2026-09-05T07:08:45.531Z | 2026-09-05T07:08:45.541Z | 2026-09-05T07:08:49.409Z | 2026-09-05T07:08:49.414Z | 2026-09-05T07:08:51.691Z | 2026-09-05T07:08:51.693Z | 2026-09-05T07:08:53.942Z | 2026-09-05T07:08:53.948Z | 2026-09-05T07:08:56.294Z | 2026-09-05T07:08:56.297Z | 2026-09-05T07:08:58.699Z"
"notification.openapi.yaml","meNotificationMarkAllRead","PATCH","/v2/me/notifications/read-all","0","","",""
"notification.openapi.yaml","meNotificationUnreadCount","GET","/v2/me/notifications/unread-count","23","Counsellor 2 | Counsellor 1 | Counsellor 4 | Counsellor 3 | Advisor 1 | Advisor 2 | Advisor 3 | Advisor 4 | Advisor 5 | Advisor 6 | Advisor 8 | Advisor 7 | Instructor 1 | Instructor 2 | Instructor 3 | Instructor 4 | Instructor 6 | Instructor 5 | Instructor 8 | Instructor 7 | Instructor 10 | Instructor 9 | Student","200","2026-09-05T07:08:33.590Z | 2026-09-05T07:08:33.592Z | 2026-09-05T07:08:34.689Z | 2026-09-05T07:08:34.691Z | 2026-09-05T07:08:35.732Z | 2026-09-05T07:08:35.734Z | 2026-09-05T07:08:40.699Z | 2026-09-05T07:08:40.701Z | 2026-09-05T07:08:42.314Z | 2026-09-05T07:08:42.316Z | 2026-09-05T07:08:43.963Z | 2026-09-05T07:08:43.969Z | 2026-09-05T07:08:45.698Z | 2026-09-05T07:08:45.723Z | 2026-09-05T07:08:49.547Z | 2026-09-05T07:08:49.549Z | 2026-09-05T07:08:51.833Z | 2026-09-05T07:08:51.835Z | 2026-09-05T07:08:54.135Z | 2026-09-05T07:08:54.150Z | 2026-09-05T07:08:56.442Z | 2026-09-05T07:08:56.446Z | 2026-09-05T07:08:58.847Z"
"notification.openapi.yaml","meNotificationMarkRead","PATCH","/v2/me/notifications/{notificationId}/read","0","","",""
"parent.openapi.yaml","counsellorListParentLinks","GET","/v2/counsellor/student-intakes/{intakeId}/parent-links","0","","",""
"parent.openapi.yaml","counsellorCreateOrReuseParentLink","POST","/v2/counsellor/student-intakes/{intakeId}/parent-links","0","","",""
"parent.openapi.yaml","counsellorLinkExistingParent","PUT","/v2/counsellor/student-intakes/{intakeId}/parent-links/{parentUserId}","0","","",""
"parent.openapi.yaml","counsellorUnlinkParent","DELETE","/v2/counsellor/student-intakes/{intakeId}/parent-links/{parentUserId}","0","","",""
"parent.openapi.yaml","tenantListParentLinks","GET","/v2/tenant/students/{studentUserId}/parent-links","0","","",""
"parent.openapi.yaml","tenantCreateOrReuseParentLink","POST","/v2/tenant/students/{studentUserId}/parent-links","0","","",""
"parent.openapi.yaml","tenantLinkParent","PUT","/v2/tenant/students/{studentUserId}/parent-links/{parentUserId}","0","","",""
"parent.openapi.yaml","tenantUnlinkParent","DELETE","/v2/tenant/students/{studentUserId}/parent-links/{parentUserId}","0","","",""
"parent.openapi.yaml","advisorListParentLinks","GET","/v2/advisor/students/{studentUserId}/parent-links","2","Advisor 1","200","2026-09-05T07:09:34.479Z | 2026-09-05T07:09:34.626Z"
"parent.openapi.yaml","parentListLinkedStudents","GET","/v2/parent/linked-students","1","Student","403","2026-09-05T07:19:29.868Z"
"parent.openapi.yaml","parentGetStudentDashboard","GET","/v2/parent/students/{studentUserId}/dashboard","0","","",""
"parent.openapi.yaml","parentGetStudentProfile","GET","/v2/parent/students/{studentUserId}/profile","0","","",""
"parent.openapi.yaml","parentGetStudentStudyPlan","GET","/v2/parent/students/{studentUserId}/study-plan","0","","",""
"parent.openapi.yaml","parentListStudentCourses","GET","/v2/parent/students/{studentUserId}/courses","0","","",""
"parent.openapi.yaml","parentListStudentAssignments","GET","/v2/parent/students/{studentUserId}/assignments","0","","",""
"parent.openapi.yaml","parentListStudentCalendar","GET","/v2/parent/students/{studentUserId}/calendar","0","","",""
"parent.openapi.yaml","parentListStudentAttendance","GET","/v2/parent/students/{studentUserId}/attendance","0","","",""
"parent.openapi.yaml","parentGetStudentHours","GET","/v2/parent/students/{studentUserId}/hours","0","","",""
"parent.openapi.yaml","parentGetStudentRisk","GET","/v2/parent/students/{studentUserId}/risk","0","","",""
"parent.openapi.yaml","parentListStudentReports","GET","/v2/parent/students/{studentUserId}/reports","0","","",""
"parent.openapi.yaml","parentGetStudentReport","GET","/v2/parent/students/{studentUserId}/reports/{reportId}","0","","",""
"parent.openapi.yaml","listParentScheduleRequests","GET","/v2/parent/students/{studentUserId}/schedule-requests","0","","",""
"parent.openapi.yaml","createParentScheduleRequest","POST","/v2/parent/students/{studentUserId}/schedule-requests","0","","",""
"parent.openapi.yaml","parentListNotifications","GET","/v2/parent/notifications","0","","",""
"parent.openapi.yaml","parentNotificationUnreadCount","GET","/v2/parent/notifications/unread-count","0","","",""
"parent.openapi.yaml","parentMarkNotificationRead","PATCH","/v2/parent/notifications/{notificationId}/read","0","","",""
"parent.openapi.yaml","parentMarkAllNotificationsRead","PATCH","/v2/parent/notifications/read-all","0","","",""
"parent.openapi.yaml","parentListConversationMessages","GET","/v2/parent/students/{studentUserId}/conversation/messages","0","","",""
"parent.openapi.yaml","parentSendConversationMessage","POST","/v2/parent/students/{studentUserId}/conversation/messages","0","","",""
"parent.openapi.yaml","parentMarkConversationRead","POST","/v2/parent/students/{studentUserId}/conversation/read","0","","",""
"parent.openapi.yaml","parentPreviewConversationAttachment","GET","/v2/parent/students/{studentUserId}/conversation/attachments/{attachmentId}/preview","0","","",""
"parent.openapi.yaml","parentDownloadConversationAttachment","GET","/v2/parent/students/{studentUserId}/conversation/attachments/{attachmentId}/download","0","","",""
"quiz.openapi.yaml","quizList","GET","/v2/courses/{courseId}/quizzes","2","Instructor 1 | Student","200","2026-09-05T07:08:48.338Z | 2026-09-05T07:09:01.785Z"
"quiz.openapi.yaml","quizCreate","POST","/v2/courses/{courseId}/quizzes","0","","",""
"quiz.openapi.yaml","quizDelete","DELETE","/v2/courses/{courseId}/quizzes/{quizId}","0","","",""
"quiz.openapi.yaml","quizGet","GET","/v2/courses/{courseId}/quizzes/{quizId}","0","","",""
"quiz.openapi.yaml","quizPatch","PATCH","/v2/courses/{courseId}/quizzes/{quizId}","0","","",""
"quiz.openapi.yaml","quizListAttempts","GET","/v2/courses/{courseId}/quizzes/{quizId}/attempts","1","Student","200","2026-09-05T07:10:46.825Z"
"quiz.openapi.yaml","quizStartAttempt","POST","/v2/courses/{courseId}/quizzes/{quizId}/attempts","0","","",""
"quiz.openapi.yaml","quizGetCurrentAttempt","GET","/v2/courses/{courseId}/quizzes/{quizId}/attempts/current","0","","",""
"quiz.openapi.yaml","quizGetAttempt","GET","/v2/courses/{courseId}/quizzes/{quizId}/attempts/{attemptId}","0","","",""
"quiz.openapi.yaml","quizAutosave","PUT","/v2/courses/{courseId}/quizzes/{quizId}/attempts/{attemptId}/answers/{questionId}","0","","",""
"quiz.openapi.yaml","quizGradeAnswer","PUT","/v2/courses/{courseId}/quizzes/{quizId}/attempts/{attemptId}/answers/{questionId}/grade","0","","",""
"quiz.openapi.yaml","quizGetReceipt","GET","/v2/courses/{courseId}/quizzes/{quizId}/attempts/{attemptId}/receipt","0","","",""
"quiz.openapi.yaml","quizAttemptResult","GET","/v2/courses/{courseId}/quizzes/{quizId}/attempts/{attemptId}/result","0","","",""
"quiz.openapi.yaml","quizSubmitAttempt","POST","/v2/courses/{courseId}/quizzes/{quizId}/attempts/{attemptId}/submit","0","","",""
"quiz.openapi.yaml","quizReleaseGrades","POST","/v2/courses/{courseId}/quizzes/{quizId}/grades/release","0","","",""
"quiz.openapi.yaml","quizRetractGrades","POST","/v2/courses/{courseId}/quizzes/{quizId}/grades/retract","0","","",""
"quiz.openapi.yaml","quizGradingSummary","GET","/v2/courses/{courseId}/quizzes/{quizId}/grading-summary","0","","",""
"quiz.openapi.yaml","quizListShortAnswers","GET","/v2/courses/{courseId}/quizzes/{quizId}/grading/questions/{questionId}/answers","0","","",""
"quiz.openapi.yaml","quizMyAttempts","GET","/v2/courses/{courseId}/quizzes/{quizId}/my-attempts","1","Student","200","2026-09-05T07:10:46.980Z"
"quiz.openapi.yaml","quizMyResult","GET","/v2/courses/{courseId}/quizzes/{quizId}/my-result","0","","",""
"quiz.openapi.yaml","quizPublish","POST","/v2/courses/{courseId}/quizzes/{quizId}/publish","0","","",""
"quiz.openapi.yaml","quizQuestionList","GET","/v2/courses/{courseId}/quizzes/{quizId}/questions","0","","",""
"quiz.openapi.yaml","quizQuestionCreate","POST","/v2/courses/{courseId}/quizzes/{quizId}/questions","0","","",""
"quiz.openapi.yaml","quizQuestionReorder","PUT","/v2/courses/{courseId}/quizzes/{quizId}/questions/order","0","","",""
"quiz.openapi.yaml","quizQuestionDelete","DELETE","/v2/courses/{courseId}/quizzes/{quizId}/questions/{questionId}","0","","",""
"quiz.openapi.yaml","quizQuestionGet","GET","/v2/courses/{courseId}/quizzes/{quizId}/questions/{questionId}","0","","",""
"quiz.openapi.yaml","quizQuestionPatch","PATCH","/v2/courses/{courseId}/quizzes/{quizId}/questions/{questionId}","0","","",""
"quiz.openapi.yaml","quizQuestionPatchAnswerKey","PATCH","/v2/courses/{courseId}/quizzes/{quizId}/questions/{questionId}/answer-key","0","","",""
"quiz.openapi.yaml","quizUnpublish","POST","/v2/courses/{courseId}/quizzes/{quizId}/unpublish","0","","",""
"user.openapi.yaml","adminUserChangeTenant","PATCH","/v2/admin/users/{id}/tenant","0","","",""
"user.openapi.yaml","meProfileGet","GET","/v2/me/profile","9","Instructor 1 | Student | Advisor 1 | Counsellor 1 | Counsellor | Advisor | Instructor","200","2026-09-05T07:19:11.705Z | 2026-09-05T07:19:11.848Z | 2026-09-05T07:19:12.035Z | 2026-09-05T07:19:12.406Z | 2026-09-05T07:19:29.442Z | 2026-09-05T07:26:15.379Z | 2026-09-05T07:26:16.193Z | 2026-09-05T07:26:16.958Z | 2026-09-05T07:26:17.724Z"
"user.openapi.yaml","meProfileUpdate","PATCH","/v2/me/profile","1","Instructor 1","200","2026-09-05T07:19:29.299Z"
"user.openapi.yaml","meProfileDeleteAvatar","DELETE","/v2/me/profile/avatar","0","","",""
"user.openapi.yaml","meProfileUploadAvatar","PUT","/v2/me/profile/avatar","0","","",""
"user.openapi.yaml","userList","GET","/v2/users","1","Instructor 1","403","2026-09-05T07:19:29.586Z"
"user.openapi.yaml","userAddDisabled","POST","/v2/users","0","","",""
"user.openapi.yaml","userDeleteBatchDisabled","DELETE","/v2/users/batch","0","","",""
"user.openapi.yaml","userDeleteDisabled","DELETE","/v2/users/{id}","0","","",""
"user.openapi.yaml","userGetById","GET","/v2/users/{id}","0","","",""
"user.openapi.yaml","userUpdateDisabled","PUT","/v2/users/{id}","0","","",""
"user.openapi.yaml","userPasswordStatusDisabled","PATCH","/v2/users/{id}/password-status","0","","",""
"user.openapi.yaml","userGetAvatar","GET","/v2/users/{userId}/avatar","0","","",""
"vocabulary.openapi.yaml","listVocabularyLists","GET","/v1/vocabulary/lists","1","Student","200","2026-09-05T07:43:38.492Z"
"vocabulary.openapi.yaml","getVocabularyList","GET","/v1/vocabulary/lists/{listId}","1","Student","200","2026-09-05T07:43:38.645Z"
"vocabulary.openapi.yaml","getVocabularyUnit","GET","/v1/vocabulary/units/{unitId}","1","Student","200","2026-09-05T07:43:38.793Z"
"vocabulary.openapi.yaml","startVocabularySession","POST","/v1/vocabulary/units/{unitId}/sessions","1","Student","200","2026-09-05T07:43:39.110Z"
"vocabulary.openapi.yaml","getVocabularySession","GET","/v1/vocabulary/sessions/{sessionId}","4","Student","200","2026-09-05T07:43:38.951Z | 2026-09-05T07:45:45.399Z | 2026-09-05T07:45:45.725Z | 2026-09-05T07:45:46.036Z"
"vocabulary.openapi.yaml","revealVocabularyCard","POST","/v1/vocabulary/sessions/{sessionId}/reveal","2","Student","500 | 200","2026-09-05T07:43:39.246Z | 2026-09-05T07:45:45.570Z"
"vocabulary.openapi.yaml","rateVocabularyCard","POST","/v1/vocabulary/sessions/{sessionId}/ratings","0","","",""
"vocabulary.openapi.yaml","advanceVocabularySession","POST","/v1/vocabulary/sessions/{sessionId}/advance","0","","",""
"vocabulary.openapi.yaml","exitVocabularySession","POST","/v1/vocabulary/sessions/{sessionId}/exit","1","Student","200","2026-09-05T07:45:45.883Z"
"vocabulary.openapi.yaml","endVocabularySession","POST","/v1/vocabulary/sessions/{sessionId}/end","0","","",""
